name,url,uuid,tags,username,license,description,duration,geotags
sofa.wav,https://freesound.org/people/Isabella.Pinzon.Varon/sounds/558932/,8801f923-6320-4f12-86b6-88314c58b8b9,['sound'+ 'record'+ 'sofa'],Isabella.Pinzon.Varon,http://creativecommons.org/licenses/by/3.0/,Reclining sofa being activated,5.64313,
Basdrum(Sofa).wav,https://freesound.org/people/TheSoundcatcher/sounds/136611/,b9baf0ad-3b9e-4d5d-8f67-a44033c9b278,['Sofa'+ 'Pickup'+ 'Basdrum'],TheSoundcatcher,http://creativecommons.org/licenses/by/3.0/,I recorded a hit on my sofa wit a contact mic... nice deep bas drum :),7.89267,
sofa scratch_short.wav,https://freesound.org/people/bsumusictech/sounds/62473/,62e87e18-fac7-4708-b8e9-29a03431c2f2,['brushing'+ 'rub'+ 'rubbing'+ 'scratch'+ 'sofa'+ 'swish'+ 'swishing'+ 'swishy'],bsumusictech,http://creativecommons.org/publicdomain/zero/1.0/,"Group KMM-
Recording of hands sliding over the fabric of a sofa.  Comparable to a swishing/ swirling sound.
Recorded with a Zoom H4 handheld recorder.  Normalized in Peak Pro 6.
",26.6865,
sofa scratch_long.wav,https://freesound.org/people/bsumusictech/sounds/62472/,5078231a-e237-4ddf-bf60-3f07da31dcfc,['brushing'+ 'rub'+ 'rubbing'+ 'scratch'+ 'sofa'+ 'swish'+ 'swishing'+ 'swishy'],bsumusictech,http://creativecommons.org/publicdomain/zero/1.0/,"Group KMM-
Recording of hands sliding over the fabric of a sofa.  Comparable to a swishing/ swirling sound.
Recorded with a Zoom H4 handheld recorder.  Normalized in Peak Pro 6.
",30.67,
Fabric-Sofa-Rubbing-Wooshes_StereoSP_96000.wav,https://freesound.org/people/Sonicquinn/sounds/435829/,a2c3872e-da77-405c-8f04-81f7040bd174,['fabric'+ 'rub'+ 'sofa'+ 'rubbing'+ 'woosh'+ 'cloth'+ 'stinger'],Sonicquinn,http://creativecommons.org/publicdomain/zero/1.0/,Creating wooshes from rubbing a sofa with a small metal device. Normalised.,7.07589,
Fabric-Sofa-Rubbing-Movements_Mono_192000.wav,https://freesound.org/people/Sonicquinn/sounds/435830/,74a44720-fbc9-4da4-995c-0c5a6fe65d92,['rub'+ 'sofa'+ 'rubbing'+ 'rope'+ 'cloth'+ 'movement'+ 'movements'+ 'fabric'],Sonicquinn,http://creativecommons.org/publicdomain/zero/1.0/,"Close mic recording of a fabric sofa being rubbed with a metal device to generate thick, rope-like cloth movements",68.5,
LEATHER COACH.wav,https://freesound.org/people/tsakanemashaba/sounds/501679/,2ec3cb16-d899-4fc7-89da-75822380fe08,['LEATHER'+ 'SOFA'+ 'SEAT'+ 'OWI'+ 'COUCH'],tsakanemashaba,http://creativecommons.org/licenses/by-nc/3.0/,a leather sofa or couch. sitting and squeezing,26.1919,
MOVIMIENTO SOFA.wav,https://freesound.org/people/ainaqueentana/sounds/532713/,0db88698-6ef4-486d-a733-a3a068176f6e,['shudder'+ 'leather'+ 'sofa'+ 'move'+ 'texture'+ 'couch'+ 'motion'+ 'rumbling'+ 'stuff'+ 'moving'+ 'movement'],ainaqueentana,http://creativecommons.org/publicdomain/zero/1.0/,"Moving in a leather couch, high quality",28.9901,
Squeaking Door,https://freesound.org/people/NachtmahrTV/sounds/556713/,0b4ed995-eed8-4b36-a08d-ca2e1d712243,['gate'+ 'cellar'+ 'Door'+ 'opening'+ 'wooden'+ 'squeaky'+ 'Squeaking'+ 'door'+ 'squeak'+ 'wood'+ 'discordant'+ 'cacophonous'+ 'squeeky'+ 'close'+ 'closing'+ 'open'],NachtmahrTV,http://creativecommons.org/publicdomain/zero/1.0/,Squeaking Door,71.7147,
Automatic_door.wav,https://freesound.org/people/laiaoreka/sounds/233389/,077e275b-72da-45e8-8645-add5b95cc824,['door'+ 'Open'+ 'Street'+ 'campus-upf'+ 'Close'+ 'Tallers'+ 'Door'+ 'Automatic'+ 'UPF-CS14'],laiaoreka,http://creativecommons.org/licenses/by/3.0/,"This sound shows an automatic door opening when someone pass through it. We can listen some wind and background noise.
The sound was recorded asking to someone to go out to the street using the automatic door using Edirol R09HR equipment in format .wav and 44.1 kHz.
It was recorded in the entrance of Tallers building in Campus Poblenou, UPF.",7.88662,41.4042113643 2.19392359257
"Doors, glass door, frame door, open, close, reverb, door creaking.wav",https://freesound.org/people/SFX_AFRIK/sounds/584855/,979f6d64-f3b1-4be2-b8e7-958701910178,['wood'+ 'door'+ 'wooden'+ 'frame'+ 'glass'+ 'Door'+ 'squeak'+ 'creak'],SFX_AFRIK,https://creativecommons.org/licenses/by/4.0/,"Perfect for use in Film, TV and Video Games, this library is your one stop solution to sound editing for doors.",15.5104,
Squeaky cabinet.wav,https://freesound.org/people/bormane/sounds/257439/,508ed917-977a-4e66-9f35-a0e98b4237f0,['squeak'+ 'close'+ 'open'+ 'cabinet'],bormane,http://creativecommons.org/publicdomain/zero/1.0/,cabinet,6.74578,
Cabinet,https://freesound.org/people/zehmx/sounds/322859/,5cf25114-395d-4cb2-b6c6-4b63e912aad8,['closing'+ 'cabinet'+ 'metal'+ 'opening'+ 'two'+ 'doors'],zehmx,http://creativecommons.org/publicdomain/zero/1.0/,"Opening and closing a two doors metal cabinet at my house, recorded with my cell phone",10.38,
cabinet close.WAV,https://freesound.org/people/rpew1/sounds/108471/,57b0666e-0174-4770-989f-cdcddc8e4cb9,['cabinet'+ 'close'],rpew1,http://creativecommons.org/publicdomain/zero/1.0/,cabinet closing,16.4967,
Old Cabinet,https://freesound.org/people/Erik%20Pritzens/sounds/132821/,f53b8fe1-83b4-44a3-b392-6457cf6343bc,['close'+ 'open'+ 'old'+ 'cabinet'],Erik Pritzens,http://creativecommons.org/publicdomain/zero/1.0/,Opening and closing an old cabinet.,5.76107,
Sitting on chair  2.wav,https://freesound.org/people/renatofarabeuf/sounds/232667/,3281c0c8-6b8e-43f8-acab-1cd7e9bcfe6a,['chair'+ 'squeaky'+ 'sitting'],renatofarabeuf,http://creativecommons.org/licenses/by/3.0/,Sitting on chair,25.0411,
Sitting on chair .wav,https://freesound.org/people/renatofarabeuf/sounds/232666/,cc183478-525d-4e5f-a6e9-8d62f420599a,['chair'+ 'squeaky'+ 'sitting'],renatofarabeuf,http://creativecommons.org/licenses/by/3.0/,Sitting on chair,24.8041,
Steel chair 1 (Silla de metal).wav,https://freesound.org/people/renatofarabeuf/sounds/232665/,b481f6d8-6ab6-463b-85b9-ed67e45cf49a,['steel'+ 'pull'+ 'chair'],renatofarabeuf,http://creativecommons.org/licenses/by/3.0/,Pulling a steel chair,22.9412,
Rolling Hospital Bed.wav,https://freesound.org/people/simong1006/sounds/566458/,b7d576a0-df0f-477b-83cf-d00a595ab413,['hallway'+ 'Hospital'+ 'bed'+ 'Bed'+ 'rolling'+ 'electronic'],simong1006,http://creativecommons.org/licenses/by/3.0/,Rolling a hospital bed on an empty wing of Mount Sinai Beth Israel Hospital,31.4757,
Jumping On a Bed,https://freesound.org/people/deleted_user_7146007/sounds/383753/,7c9f6146-2cdc-42e7-82d4-542aeee1b55f,['Jump'+ 'Spring'+ 'Jumping'+ 'Bed'],deleted_user_7146007,http://creativecommons.org/publicdomain/zero/1.0/,Jumping On a Bed,7.41667,
untitled_sitting on bed.wav,https://freesound.org/people/Zigzag20705/sounds/134987/,56024c2a-b302-4073-a3dc-052b18108f60,['field-recording'+ 'bed'+ 'sitting'],Zigzag20705,http://creativecommons.org/publicdomain/zero/1.0/,sitting on a bed,50.3942,
14- scratching Bed.wav,https://freesound.org/people/16HPanskaZavadovsky_Igor/sounds/498513/,99952866-daf4-414e-b5fa-ec06ab3b7858,['scratching'+ 'panska'+ 'bed'],16HPanskaZavadovsky_Igor,http://creativecommons.org/publicdomain/zero/1.0/,Scratching bed,23.3107,
32. getting into bed.wav,https://freesound.org/people/btherad2000/sounds/328051/,63f526ea-6c26-4d06-aa1f-85de606b72f9,['OWI'+ 'like'+ 'tired'+ 'feel'+ 'blanket'+ 'duvet'+ 'bed'+ 'going'+ 'sleep'+ 'bedroom'+ 'rustle'],btherad2000,http://creativecommons.org/licenses/by/3.0/,Getting into bed,16.548,
walk_on_bed.WAV,https://freesound.org/people/gyzhor/sounds/65790/,d7385701-4cb6-4284-b6b8-06eee9abdf22,['bed'+ 'fabric'+ 'footsteps'+ 'squeak'+ 'walking'],gyzhor,http://creativecommons.org/publicdomain/zero/1.0/,Walking on a bed.,101.466,
Bed_Noises.wav,https://freesound.org/people/Harrisando/sounds/496443/,969cc0e5-060c-4cba-a602-879845083a2a,['sound-of-bed'+ 'squeak'+ 'noise'+ 'bed'+ 'broken-bed'],Harrisando,http://creativecommons.org/publicdomain/zero/1.0/,sounds of a bed,32.2333,
Creaky bed.WAV,https://freesound.org/people/ShadowReaper2814/sounds/490760/,965d39d8-1692-49cc-852b-f1f150d11d13,['Creaky'+ 'OWI'+ 'Creepy'+ 'Bed'],ShadowReaper2814,https://creativecommons.org/licenses/by-nc/4.0/,A creaky bed,7.5,
drawers,https://freesound.org/people/daenerys/sounds/260718/,d86cee9d-0da9-405c-a240-2df599f4320b,['push'+ 'drawers'+ 'box'+ 'pull'],daenerys,https://creativecommons.org/licenses/by/4.0/,"drawers opening and closing, pushing and pulling ",24.3602,
Drawers.WAV,https://freesound.org/people/jadend2/sounds/205080/,cea410f8-9340-446f-9312-666d974fddc5,['drawers'+ 'household'+ 'shelves'],jadend2,http://creativecommons.org/publicdomain/zero/1.0/,sound of drawers being opened ,12.2133,
Opening and Closing Drawers,https://freesound.org/people/Fabrizio84/sounds/457553/,f2a5fb2a-8638-4221-ab3f-201699220c2b,['drawers'+ 'close-drawer'+ 'open'+ 'open-drawer'+ 'close'],Fabrizio84,http://creativecommons.org/publicdomain/zero/1.0/,Opening and closing drawers.,41.3518,
Drawers.wav,https://freesound.org/people/sportygurl37/sounds/120215/,8eed7ac4-3441-418f-b9b3-d119b00cb3e2,['closing'+ 'drawers'+ 'open'+ 'wooden'],sportygurl37,http://creativecommons.org/licenses/by/3.0/,Opening and closing wooden dresser drawers full of trinkets. ,15.4453,
Woodend drawers open and close.wav,https://freesound.org/people/rar2k/sounds/513584/,0994e02a-341b-4a9e-b26a-de6a6220872a,['close'+ 'Woodend'+ 'open'+ 'drawers'],rar2k,http://creativecommons.org/licenses/by/3.0/,Woodend drawers open and close,23.9693,
Drawers Opening and Closing,https://freesound.org/people/nintendoto/sounds/556761/,ba26c94b-c511-4e21-a137-91ce86b74816,['closet'+ 'drawers'+ 'opening'+ 'drawer'+ 'wardrobe'+ 'close'+ 'closing'+ 'open'+ 'clothes'],nintendoto,http://creativecommons.org/publicdomain/zero/1.0/,Drawers full of clothes opening and closing.,15.3252,
drawers.wav,https://freesound.org/people/sagetyrtle/sounds/41367/,ad5bc905-0b40-463d-b749-bd5bc8ff1edf,['close'+ 'closing'+ 'drawer'+ 'drawers'+ 'foley'+ 'looking'+ 'mono'+ 'open'+ 'opening'+ 'searching'+ 'wooden'],sagetyrtle,http://creativecommons.org/publicdomain/zero/1.0/,"Opening and closing wooden drawers, searching for something. Mono recording.",61.9687,
Kitchen Drawers,https://freesound.org/people/Snake16547/sounds/433996/,5fb72ec0-8507-471c-a4f5-20331eefa07d,['handle'+ 'shut'+ 'cupboard'+ 'door'+ 'drawers'+ 'slam'+ 'doors'+ 'close'+ 'closing'+ 'open'+ 'kitchen'],Snake16547,http://creativecommons.org/publicdomain/zero/1.0/,"Kitchen Drawers: various sounds of opening and closing different kitchen drawers some with cutlery inside

Recorder: Zoom H4N with the internal mic on 48kHz with 24bit",34.8,
Opening and Closing Metal Drawers with Stuff.wav,https://freesound.org/people/rar2k/sounds/513592/,ad3831e2-81df-44b9-a08d-8aad0e10bc39,['Drawers'+ 'Closing'+ 'Stuff'+ 'Metal'+ 'Opening'],rar2k,http://creativecommons.org/licenses/by/3.0/,Opening and Closing Metal Drawers with Stuff,23.1126,
Closing closet,https://freesound.org/people/CheChoDj/sounds/609355/,1bf9bb40-877f-4c06-b2c1-90ea5d094c6c,['close'+ 'closing'+ 'door'+ 'doors'+ 'closet'],CheChoDj,https://creativecommons.org/licenses/by/4.0/,Closing the doors of a closet,16.0,
Closet door,https://freesound.org/people/CheChoDj/sounds/609380/,f42e623b-b973-4043-b72b-8fba39faa2c0,['wardobre'+ 'door'+ 'closet'+ 'opening'+ 'wooden'+ 'cabinet'+ 'wood'+ 'close'+ 'closing'+ 'open'],CheChoDj,https://creativecommons.org/licenses/by/4.0/,Opening and closing a door of a closet,22.5,
DougCloset.wav,https://freesound.org/people/Mars420/sounds/444762/,d9fece8f-9751-4d76-add0-69f289a69130,['janitor'+ 'empty'+ 'closet'+ 'quiet'],Mars420,http://creativecommons.org/publicdomain/zero/1.0/,"The closet of a large, empty spaceship",30.1707,
Throwing shoe in closet.WAV,https://freesound.org/people/Zoe_1001/sounds/591004/,b62db558-c74b-40b4-8bfa-d9d7cbeb9635,['tumble'+ 'OWI'+ 'shoe'+ 'closet'+ 'throw'],Zoe_1001,http://creativecommons.org/licenses/by-nc/3.0/,Throwing a shoe into a closet,35.2693,
Closet hanger.WAV,https://freesound.org/people/MDRivet/sounds/268654/,543bf4ff-8899-40f4-9ce8-f0cabe566621,['hotel'+ 'H6'+ 'field-recording'+ 'closet'+ 'hanger'],MDRivet,https://creativecommons.org/licenses/by/4.0/,Banging around in a closet,12.7467,
Scratch Closet on Floor [Loop] 1.wav,https://freesound.org/people/TheLukasBanana/sounds/417493/,36609f9b-6522-4784-b111-2f3177445193,['closet'+ 'scratch'+ 'crate'+ 'drag'+ 'rigid'+ 'push'+ 'physics'+ 'loop'],TheLukasBanana,http://creativecommons.org/licenses/by/3.0/,Dragging a closet over a floor.,9.55501,
"Leather Sofa, Sit Down, Stand Up",https://freesound.org/people/Kinoton/sounds/397847/,48a34412-d416-474f-accb-5cbc924963c3,['leather'+ 'sofa'+ 'foley'+ 'couch'],Kinoton,http://creativecommons.org/publicdomain/zero/1.0/,"Foley of sitting down and standing up from a leather couch. 
Slow, fast, soft, hard variations.


ORTF Stereo;
Recorder: H4n Pro;
Microphone: 2x M5;
Processing: noise reduction",65.6566,
iPhone_Texting.wav,https://freesound.org/people/MATRIXXX_/sounds/506962/,9143037e-ec85-4c9c-8a94-badb8e245bb4,['relax'+ 'smartphone'+ 'friends'+ 'sofa'+ 'mobile'+ 'text'+ 'typing'+ 'texting'+ 'couch'+ 'phone'+ 'iphone'+ 'keyboard'+ 'friend'+ 'type'+ 'smart'+ 'chill'+ 'relaxing'+ 'chilling'+ 'tiktok'],MATRIXXX_,https://creativecommons.org/licenses/by/4.0/,"You don't need to credit me, however you can credit iPhone/Apple if you want to!
--------------------------------------------------------------
My two nieces, two Tiktokers, came by and sat on the sofa in my room. They both have iPhone and they were texting their friends, so I took the opportunity to record some!

We all tried to be as quiet as possible during the recording!

I could've made a real clean-up on this sound, however I didn't, because it sounded good enough imo!

If you enjoyed the sound, please RATE, COMMENT, SPREAD! It really helps!

NOTE: Make sure to check out the other MATRIXXX-sounds! The sound quality is <b>always</b> better when you download the sound(s)! ⛄

Enjoy!
/MATRIXXX",85.0,
Divan - Child jumping on.wav,https://freesound.org/people/Sirderf/sounds/332293/,327e2fa1-0418-4065-9499-6037d2911c5e,['sofa'+ 'jumping'+ 'divan'+ 'child'],Sirderf,http://creativecommons.org/licenses/by/3.0/,"A child is jumping on a divan - interior recording - Mono.
Recorded in 2002
Tascam DAT DA-P1 recorder + AKG SE300B microphone - CK91 capsule (cardioid)",23.76,
01772 sitting creaks.wav,https://freesound.org/people/Robinhood76/sounds/101222/,11886e06-cf7b-4f1e-8ea5-6a1b2668aeb1,['armchair'+ 'chair'+ 'creak'+ 'creaking'+ 'down'+ 'get'+ 'move'+ 'noise'+ 'sit'+ 'sitting'+ 'sofa'+ 'up'],Robinhood76,https://creativecommons.org/licenses/by-nc/4.0/,"Armchair creaks, several takes when moving and sitting down rec by Zoom H2",7.35755,
Fx_Sofá_Frotar_Suavemente_G3.2.wav,https://freesound.org/people/eldiariosonoro_/sounds/540529/,4c4c40b2-7950-497d-9bfb-782954bdcdf9,['Foley'+ 'Sofa'+ 'Recording'],eldiariosonoro_,http://creativecommons.org/publicdomain/zero/1.0/,"Sonido que se produce al frotar de manera suave un sofá, sonido con propósitos de foley",5.76,
Opening packet.wav,https://freesound.org/people/Kat7777/sounds/408458/,5870bfd5-b8ce-43be-8338-576b388fdd17,['lazy'+ 'owi'+ 'sofa'+ 'packet'+ 'couch'+ 'person'+ 'plastic'+ 'open'],Kat7777,http://creativecommons.org/licenses/by-nc/3.0/,This is of a person that is opening a packet of marshmallows.,6.30881,-25.7793342365 28.2985925674
Door - Full 1.wav,https://freesound.org/people/IG88music/sounds/431899/,494b00df-422b-4607-9e88-d279a4a490cb,['door'+ 'open'+ 'Door'+ 'close'],IG88music,http://creativecommons.org/licenses/by/3.0/,My front door recorded with AKG C414,10.0,
Door - Full 3.wav,https://freesound.org/people/IG88music/sounds/431897/,2c6745e1-ad55-40f0-81de-9b4d61aa145d,['door'+ 'open'+ 'Door'+ 'close'],IG88music,http://creativecommons.org/licenses/by/3.0/,My front door recorded with AKG C414,6.0,
Door - Full 2.wav,https://freesound.org/people/IG88music/sounds/431898/,6b758271-c577-4bce-ab1b-c2c2d00484eb,['door'+ 'open'+ 'Door'+ 'close'],IG88music,http://creativecommons.org/licenses/by/3.0/,My front door recorded with AKG C414,8.0,
"Doors, key in,  unlock, creak, wood, door, open, close, shut, keys, knob, toilet door, bathroom door 02.wav",https://freesound.org/people/SFX_AFRIK/sounds/584858/,3433f04a-5ceb-457f-a7bd-38c32aab612b,['closes'+ 'door'+ 'opening'+ 'Door'+ 'close'+ 'closing'+ 'opens'],SFX_AFRIK,https://creativecommons.org/licenses/by/4.0/,"Perfect for use in Film, TV and Video Games, this library is your one stop solution to sound editing for doors.",21.2806,
Open or close the door(Old Door),https://freesound.org/people/muy2149972/sounds/586417/,b26645bb-f807-4730-9102-2abcc8358846,['door'+ 'Door'+ 'Open'+ 'Close'],muy2149972,http://creativecommons.org/publicdomain/zero/1.0/,The door (old door) be open and close.,8.21333,
Opening cabinet.wav,https://freesound.org/people/deleted_user_7020630/sounds/378388/,e62febeb-e998-4b46-b962-d581c615b90e,['keys'+ 'cabinet'+ 'opening'],deleted_user_7020630,http://creativecommons.org/publicdomain/zero/1.0/,opening school cabinet,9.04,
cabinet handle.mp3,https://freesound.org/people/sfarkas92/sounds/444542/,6b290266-e8d6-421f-a8e7-4837b843b807,['handle'+ 'rattle'+ 'cabinet'+ 'drawer'+ 'close'+ 'open'],sfarkas92,http://creativecommons.org/publicdomain/zero/1.0/,Cabinet handle rattle.,11.8476,
CABINET OPEN.wav,https://freesound.org/people/tmrobin1/sounds/427296/,683da16c-fcb9-4dc1-861b-913a277c6ecf,['kitchen'+ 'open'+ 'cabinet'],tmrobin1,http://creativecommons.org/publicdomain/zero/1.0/,Cabinet in kitchen open,20.16,
CABINET CLOSE.wav,https://freesound.org/people/tmrobin1/sounds/427297/,2ad7bc61-c9e2-46bb-b377-6235b558ff27,['close'+ 'kitchen'+ 'cabinet'],tmrobin1,http://creativecommons.org/publicdomain/zero/1.0/,Cabinet closing in kitchen.,20.16,
untitled_cabinet door.wav,https://freesound.org/people/Zigzag20705/sounds/134969/,64a844cd-9f0c-4773-b829-855a11f8ac2e,['door'+ 'field-recording'+ 'cabinet'],Zigzag20705,http://creativecommons.org/publicdomain/zero/1.0/,closing and opening cabinet,50.3942,
BC cabinet 1.wav,https://freesound.org/people/cmusounddesign/sounds/119879/,8b7d8688-0a76-4724-868b-8195514a2792,['cabinet'+ 'close'+ 'open'+ 'wood'],cmusounddesign,http://creativecommons.org/licenses/by/3.0/,Wooden cabinet open and close,6.125,
kitchen cabinet.wav,https://freesound.org/people/cemagar/sounds/120329/,e672905e-3b8a-4a62-95e9-36f9bae99d80,['cabinet'+ 'close'+ 'kitchen'+ 'open'],cemagar,http://creativecommons.org/licenses/by/3.0/,opening and closing a kitchen cabinet,9.936,
kitchen cabinet opening and closing,https://freesound.org/people/mrrap4food/sounds/470594/,5ab53953-ed87-49cb-8ff3-1bb17a5453df,['door'+ 'opening'+ 'cabinet'+ 'close'+ 'closing'+ 'kitchen'],mrrap4food,http://creativecommons.org/publicdomain/zero/1.0/,kitchen cabinet opening and closing,14.5907,
Opening Closing Cabinet Door,https://freesound.org/people/deleted_user_7146007/sounds/383836/,a20ffde4-0abd-4874-813b-0cd5fa2a0273,['Closing'+ 'Cabinet'+ 'Door'+ 'Opening'],deleted_user_7146007,http://creativecommons.org/publicdomain/zero/1.0/,Opening Closing Cabinet Door,10.1,
chair.wav,https://freesound.org/people/Dig2008/sounds/67239/,0fe4b2d9-e5bb-4e5e-ad34-28be2035b265,['chair'],Dig2008,http://creativecommons.org/publicdomain/zero/1.0/,chair,5.18966,
30 Bed 1.mp3,https://freesound.org/people/kennysvoice/sounds/489370/,4a519bd9-cb63-4776-8be4-339600ad8b1c,['Adobe'+ 'music'+ 'bed'],kennysvoice,http://creativecommons.org/publicdomain/zero/1.0/,Music created with Adobe Audition,30.4073,
Jumping into bed 2-01.R.wav,https://freesound.org/people/Hupguy/sounds/138269/,57512782-1d14-491f-be17-5969aa64cb71,['into'+ 'jumping'+ 'bed'],Hupguy,http://creativecommons.org/publicdomain/zero/1.0/,Jumping into bed,6.32283,
Squeaking Bed.wav,https://freesound.org/people/CheneWessels_170017/sounds/407611/,f4e29685-756e-4d06-be73-e12fc937c024,['Squeak'+ 'Jump'+ 'Squeaking'+ 'OWI'+ 'Bed'],CheneWessels_170017,http://creativecommons.org/licenses/by-nc/3.0/,Recording of a person jumping on a bed.,12.86,
Backpack on bed.sse.wav,https://freesound.org/people/snapssound/sounds/575518/,04313a66-7110-48b1-8510-bffa3b5482d1,['Impact'+ 'Backpack'+ 'Hit'+ 'Bed'+ 'Thump'],snapssound,http://creativecommons.org/publicdomain/zero/1.0/,Backpack repeatedly thrown on bed,7.32667,41.7472938044 -88.3028366664
Falling on the Bed.wav,https://freesound.org/people/krnash/sounds/389796/,49dbf7e7-9ecd-4bca-8b11-b873c1d237cc,['light'+ 'falling'+ 'bed'],krnash,http://creativecommons.org/publicdomain/zero/1.0/,falling onto a bed,6.5,
Opening and CLosing Wood Drawers with tools.wav,https://freesound.org/people/rar2k/sounds/513585/,cb3f418c-ae18-42bf-86cd-a86504abd7a1,['Drawers'+ 'CLosing'+ 'Wood'+ 'tools'+ 'Opening'],rar2k,http://creativecommons.org/licenses/by/3.0/,Opening and CLosing Wood Drawers with tools,6.90429,
Opening and Closing Wooden Drawers with stuff.wav,https://freesound.org/people/rar2k/sounds/513589/,f8065f21-7bda-44a3-9d90-778a533587f9,['Wooden'+ 'Drawers'+ 'Closing'+ 'stuff'+ 'Opening'],rar2k,http://creativecommons.org/licenses/by/3.0/,Opening and Closing Wooden Drawers with stuff,12.3977,
Openin and closing Wood Drawers with tools.wav,https://freesound.org/people/rar2k/sounds/513586/,6ed8cd75-d92e-4c79-aa6f-139dd6b8e21c,['Drawers'+ 'closing'+ 'Openin'+ 'Wood'+ 'tools'],rar2k,http://creativecommons.org/licenses/by/3.0/,Openin and closing Wood Drawers with tools,11.5207,
Going through drawers]s looking for somthing.wav,https://freesound.org/people/StudentTanita/sounds/327150/,4203a689-6087-4a85-b433-777f22ef54eb,['drawer'+ 'slam'+ 'close'+ 'rough'+ 'open'+ 'find'+ 'OWI'+ 'opened'+ 'angry'+ 'looking'+ 'sound-effect'+ 'closed'+ 'stationery'+ 'frustrated'+ 'sort'+ 'shut'+ 'desk'+ 'search'+ 'look'+ 'drawers'+ 'organise'+ 'clothes'],StudentTanita,http://creativecommons.org/licenses/by-nc/3.0/,Opening and closing drawers in search for something,32.7626,
drawers.wav,https://freesound.org/people/sagetyrtle/sounds/37800/,1aa2c41e-1893-4aea-a25e-cd28d583e8f3,['binaural'+ 'clothes'+ 'drawer'+ 'drawers'+ 'foley'+ 'pack'+ 'packing'+ 'stereo'+ 'suitcase'],sagetyrtle,http://creativecommons.org/publicdomain/zero/1.0/,Packing a suitcase with clothes from dresser drawers. Fast and angry. Stereo binaural recording.,40.8294,
wooden Drawer  open  and close.wav,https://freesound.org/people/oussamaben/sounds/464004/,8e8d82f7-d0b2-4a21-8a08-abc9dde5189b,['opening'+ 'Drawer'+ 'Drawers'+ 'close'+ 'closing'+ 'open'],oussamaben,http://creativecommons.org/licenses/by/3.0/,"a Drawer  opening and closing, from my room",5.56998,
Drawers opening and closing.wav,https://freesound.org/people/MoniqueKruger/sounds/325745/,ea2842c1-b602-4f38-8d0a-f972870470ff,['OWI'+ 'dresser'+ 'two'+ 'cd'+ 'drawers'+ 'chest'+ 'close'+ 'furniture'+ 'cabinet'+ 'open'+ 'clothes'],MoniqueKruger,http://creativecommons.org/licenses/by-nc/3.0/,I opened and closed a drawer with objects inside. On drawer was filled with cd's and other noisy objects. The other was filled with clothes. The last sound both drawers were simultaneously opened and closed.,17.0744,
Kitchen drawer opening and closing,https://freesound.org/people/giddster/sounds/414468/,3feda6f5-c3e9-4bf1-bf72-6b93701fe2de,['foley'+ 'drawers'+ 'opening'+ 'drawer'+ 'close'+ 'closing'+ 'open'+ 'Kitchen'],giddster,http://creativecommons.org/publicdomain/zero/1.0/,"Opening and closing a kitchen drawer.

Recorded with a Zoom H1.",9.95054,
Rifling through Drawers.wav,https://freesound.org/people/MWsfx/sounds/573708/,9bde6f00-8553-4c44-bbc5-f5b7b368a4a9,['drawers'+ 'rifling'+ 'kitchen'],MWsfx,http://creativecommons.org/publicdomain/zero/1.0/,"Opening and closing 2 drawers and rifling through the contents.
Recorded with Zoom H4N pro internal stereo microphones.",11.7575,
Drawers with metal runners,https://freesound.org/people/Elemes/sounds/456731/,c7403d27-e57b-4d03-932b-add772590c8b,['foley'+ 'bedroom-sounds'+ 'draws'+ 'open'+ 'chest-of-drawers'+ 'drawers'+ 'slide'+ 'close'+ 'soft'+ 'sliding'+ 'furniture'],Elemes,http://creativecommons.org/publicdomain/zero/1.0/,Recording of Ikea chest of drawers using a Zoom Q3HD. Subtle background noise removal with Waves X-Noise.,104.792,
Opening and Closing Small Plastic Drawers with small components.wav,https://freesound.org/people/rar2k/sounds/513590/,c7b7db73-0f83-4da5-a470-c03414c88784,['Opening'+ 'Plastic'+ 'Drawers'+ 'components'+ 'Small'+ 'small'+ 'Closing'],rar2k,http://creativecommons.org/licenses/by/3.0/,Opening and Closing Small Plastic Drawers with small components,28.6277,
Opening and Closing Small Plastic Drawers with small components 2.wav,https://freesound.org/people/rar2k/sounds/513591/,638e929b-a14f-4a0b-98c4-94a1d2c47208,['Opening'+ 'Plastic'+ 'Drawers'+ 'components'+ 'Small'+ 'small'+ 'Closing'],rar2k,http://creativecommons.org/licenses/by/3.0/,Opening and Closing Small Plastic Drawers with small components,37.4,
Plastic Drawers Opening.m4a,https://freesound.org/people/Clurky/sounds/426266/,1ff17384-e81e-4e6e-b739-47025d0e92c9,['drawers'+ 'opening'+ 'plastic'],Clurky,http://creativecommons.org/publicdomain/zero/1.0/,Opened up a small 3 drawer plastic filing cabinent,7.12853,
Hangers sliding in Closet.wav,https://freesound.org/people/170048@virtualwindow.co.za/sounds/408044/,d0ba9db9-7904-467d-8361-8fa044f7b6ba,['OWI'+ 'closet'+ 'rattle'+ 'metal'+ 'rail'+ 'plastic'+ 'motion'+ 'slide'+ 'moving'+ 'meshing'+ 'sweeping'+ 'hangers'+ 'clothing'+ 'Meshing'],170048@virtualwindow.co.za,https://creativecommons.org/licenses/by-nc/4.0/,"the sound of plastic hangers in a closet sliding on a metal pipe,",24.394,
puerta cajon closet.wav,https://freesound.org/people/primisteka/sounds/251605/,5fa4594e-64c4-4f6a-9ee4-cb23f6fa967c,['closet'+ 'drwer'+ 'abrir'+ 'n'+ 'caj'+ 'puerta'+ 'close'+ 'open'],primisteka,http://creativecommons.org/licenses/by/3.0/,abriendo y cerrando puertas del closet. open and close drawers,27.8204,
closet.wav,https://freesound.org/people/bsumusictech/sounds/62453/,39fac115-dc4d-4cbb-b7c6-5182e4d980ad,['closet'+ 'closing'+ 'door'+ 'opening'+ 'sliding-door'+ 'squeak'+ 'squeaky-shoe'],bsumusictech,http://creativecommons.org/publicdomain/zero/1.0/,"Group KMM-
This is a sample of a closet door being opened and closed. It is a sliding wooden door. The sound of a squeaky shoe also got in the recording at the beginning. 
Recorded with a Zoom H4 handheld recorder, high gain.
",6.05751,
Closet Door Open and Close.WAV,https://freesound.org/people/sgcardinal/sounds/395071/,f5988c15-c48e-4a3a-b278-565bf931fcad,['door'+ 'closet'+ 'opening'+ 'close'+ 'closing'+ 'open'],sgcardinal,http://creativecommons.org/publicdomain/zero/1.0/,A heavy closet door with a slight creak being opened and closed.,14.7277,
closet cajones T1.wav,https://freesound.org/people/primisteka/sounds/251604/,ec173c2e-acdc-4d17-9313-d9acd99eb517,['closet'+ 'drwer'+ 'abrir'+ 'n'+ 'caj'+ 'puerta'+ 'close'+ 'open'],primisteka,http://creativecommons.org/licenses/by/3.0/,abriendo y cerrando puertas del closet. open and close drawers,30.5894,
Closet Door Slide,https://freesound.org/people/karinalarasart/sounds/444268/,042fb875-ec89-48c0-91bd-a2b2c26a4a88,['door'+ 'closet'+ 'opening'+ 'slide'+ 'close'+ 'closing'+ 'sliding-door'+ 'open'+ 'sliding'],karinalarasart,http://creativecommons.org/publicdomain/zero/1.0/,"Mirrored sliding closet door. Opening and closing.

Recorded October 22, 2018
with Zoom H5",17.0373,
Comm Closet in 206.wav,https://freesound.org/people/don_smith/sounds/628616/,ab4f7f7f-6e40-4e91-a2cb-f7c5647113c0,['field-recording'+ 'closet'+ 'WaipapaTaumataRau'+ 'ambience'+ 'drone'+ 'UniversityOfAuckland'+ 'NIME2022'],don_smith,https://creativecommons.org/licenses/by/4.0/,In building 206 there was a loud comm closet outside of a lecture room where you could hear the muffled sounds of an impassioned lecturer.,90.6555,
